{"name":"Almendra","url":"almendra","category":"Display","variants":["Regular","Italic","Bold","Bold Italic"],"regular":{"stylesheet":"fonts\/web\/almendra_Regular\/stylesheet.css","ttf":"fonts\/web\/almendra_Regular\/Almendra-Regular-webfont.ttf","fontface":"almendraregular"},"italic":{"stylesheet":"fonts\/web\/almendra_Italic\/stylesheet.css","ttf":"fonts\/web\/almendra_Italic\/Almendra-Italic-webfont.ttf","fontface":"almendraitalic"},"bold":{"stylesheet":"fonts\/web\/almendra_Bold\/stylesheet.css","ttf":"fonts\/web\/almendra_Bold\/Almendra-Bold-webfont.ttf","fontface":"almendrabold"},"bolditalic":false}